{
  "topology_warp": [
    0.065,
    0.04000000000000001,
    0.035,
    0.05500000000000001
  ],
  "primary_field_warps": {
    "BEING_MATTER": [
      0.010000000000000002,
      0.034999999999999996,
      0.020000000000000004,
      0.03
    ],
    "EVOLUTION": [
      0.04500000000000001,
      0.060000000000000005,
      0.039999999999999994,
      0.04
    ],
    "MOVEMENT": [
      0.13,
      0.08000000000000002,
      0.07,
      0.11000000000000001
    ],
    "DESIGN": [
      0.03,
      0.010000000000000002,
      0.04000000000000001,
      0.020000000000000004
    ]
  },
  "gate_centers": {
    "0": [
      0.0419,
      0.034,
      0.1675,
      0.004,
      0.0579
    ],
    "1": [
      0.093,
      0.068,
      -0.0144,
      -0.0184,
      -0.1382
    ],
    "2": [
      0.3381,
      -0.0256,
      -0.037,
      0.0322,
      0.1632
    ],
    "3": [
      0.1969,
      0.0115,
      0.0569,
      -0.0462,
      0.0343
    ],
    "4": [
      0.0895,
      0.0361,
      0.1231,
      0.0085,
      0.0278
    ],
    "5": [
      0.2105,
      0.2244,
      -0.0667,
      -0.0229,
      0.1587
    ],
    "6": [
      0.1749,
      0.0029,
      0.1368,
      0.1038,
      0.0553
    ],
    "7": [
      0.1921,
      0.0345,
      0.1408,
      -0.079,
      -0.0163
    ],
    "8": [
      0.1511,
      0.0912,
      0.0344,
      0.0858,
      0.1114
    ],
    "9": [
      0.0905,
      0.091,
      0.0598,
      0.097,
      -0.0258
    ],
    "10": [
      0.2617,
      -0.006,
      0.1107,
      0.0453,
      -0.267
    ],
    "11": [
      0.0863,
      0.0298,
      0.2796,
      0.0215,
      -0.1173
    ],
    "12": [
      0.1188,
      0.0111,
      0.0778,
      0.2765,
      0.0654
    ],
    "13": [
      0.287,
      0.049,
      0.1035,
      0.0533,
      -0.1026
    ],
    "14": [
      0.289,
      0.0931,
      -0.0535,
      0.0205,
      -0.0275
    ],
    "15": [
      0.1414,
      0.0251,
      0.0298,
      0.0027,
      -0.1783
    ],
    "16": [
      0.1533,
      0.0389,
      0.0377,
      0.0312,
      0.0035
    ],
    "17": [
      0.1291,
      -0.0388,
      0.1373,
      0.0256,
      -0.1103
    ],
    "18": [
      0.0985,
      0.1251,
      0.0021,
      0.0186,
      -0.1217
    ],
    "19": [
      0.2135,
      0.0189,
      -0.0303,
      0.1611,
      -0.2065
    ],
    "20": [
      0.0632,
      0.0642,
      0.0495,
      0.0753,
      -0.2421
    ],
    "21": [
      0.2308,
      0.1001,
      0.0808,
      -0.1071,
      0.0028
    ],
    "22": [
      0.1448,
      0.0715,
      -0.0799,
      0.0853,
      -0.1115
    ],
    "23": [
      0.0478,
      0.1562,
      0.0429,
      0.012,
      0.1
    ],
    "24": [
      0.3125,
      -0.0895,
      0.0471,
      0.1875,
      0.0444
    ],
    "25": [
      0.0659,
      0.1306,
      0.1274,
      0.0996,
      0.0367
    ],
    "26": [
      0.0754,
      0.0716,
      0.1383,
      0.0233,
      0.1201
    ],
    "27": [
      0.0557,
      0.1455,
      0.028,
      -0.0334,
      0.1218
    ],
    "28": [
      0.2272,
      -0.0401,
      0.0071,
      -0.0151,
      -0.1276
    ],
    "29": [
      0.1887,
      0.208,
      0.1424,
      0.0448,
      0.1195
    ],
    "30": [
      0.2517,
      0.0104,
      -0.0076,
      0.0955,
      -0.041
    ],
    "31": [
      -0.0959,
      0.0507,
      0.0791,
      0.069,
      -0.0223
    ],
    "32": [
      0.2104,
      -0.006,
      0.0342,
      0.1265,
      -0.0485
    ],
    "33": [
      0.1907,
      -0.0535,
      0.1939,
      -0.0223,
      0.0377
    ],
    "34": [
      0.2353,
      0.0947,
      0.0833,
      0.1615,
      -0.0004
    ],
    "35": [
      0.1694,
      0.0955,
      0.1599,
      0.058,
      -0.0028
    ],
    "36": [
      0.1542,
      0.0167,
      -0.0347,
      0.1032,
      0.0275
    ],
    "37": [
      0.1646,
      0.227,
      0.1794,
      -0.1342,
      -0.0664
    ],
    "38": [
      0.1864,
      -0.0607,
      -0.0263,
      -0.0133,
      -0.0363
    ],
    "39": [
      0.0448,
      0.192,
      -0.0304,
      0.1701,
      0.2451
    ],
    "40": [
      0.0521,
      0.052,
      0.2339,
      0.1579,
      0.0962
    ],
    "41": [
      -0.0107,
      -0.0801,
      0.1394,
      0.027,
      -0.0583
    ],
    "42": [
      0.2243,
      0.0293,
      0.1488,
      0.1318,
      -0.0368
    ],
    "43": [
      0.1548,
      0.0986,
      0.0799,
      0.0823,
      0.0448
    ],
    "44": [
      0.0816,
      -0.1635,
      0.0991,
      0.1202,
      0.0716
    ],
    "45": [
      0.2053,
      0.0825,
      0.0025,
      -0.0145,
      0.0268
    ],
    "46": [
      0.0719,
      -0.0738,
      0.0794,
      0.1598,
      -0.1884
    ],
    "47": [
      0.1133,
      0.1477,
      -0.0298,
      0.1966,
      -0.0425
    ],
    "48": [
      0.1413,
      0.0503,
      0.051,
      0.1465,
      -0.1004
    ],
    "49": [
      0.2233,
      0.0976,
      0.2635,
      0.0643,
      -0.0239
    ],
    "50": [
      0.2718,
      0.0564,
      0.1338,
      -0.0419,
      0.0171
    ],
    "51": [
      0.063,
      0.0845,
      0.086,
      0.2043,
      -0.0372
    ],
    "52": [
      0.2076,
      0.0358,
      0.0619,
      0.0934,
      -0.0155
    ],
    "53": [
      0.169,
      -0.0048,
      -0.124,
      -0.1214,
      -0.0693
    ],
    "54": [
      0.1053,
      -0.0737,
      0.1582,
      0.0183,
      0.2217
    ],
    "55": [
      0.0293,
      0.1808,
      0.071,
      0.1548,
      0.0457
    ],
    "56": [
      -0.0255,
      -0.0046,
      0.2271,
      -0.064,
      0.0484
    ],
    "57": [
      0.3385,
      0.0108,
      0.1824,
      0.0729,
      0.0882
    ],
    "58": [
      0.0572,
      -0.0452,
      0.1003,
      0.0762,
      -0.0688
    ],
    "59": [
      0.1852,
      0.0275,
      -0.0352,
      0.0933,
      0.0795
    ],
    "60": [
      0.094,
      0.0872,
      0.1152,
      0.0802,
      -0.127
    ],
    "61": [
      0.2946,
      0.0516,
      0.1771,
      0.1139,
      -0.0987
    ],
    "62": [
      0.2365,
      0.0488,
      0.1985,
      0.1207,
      -0.0027
    ],
    "63": [
      -0.0188,
      -0.0295,
      0.1274,
      0.0468,
      0.0238
    ]
  },
  "gate_strengths": {
    "0": 1.0,
    "1": 2.0,
    "2": 1.0,
    "3": 1.0,
    "4": 1.0,
    "5": 1.0,
    "6": 1.0,
    "7": 1.0,
    "8": 1.0,
    "9": 1.0,
    "10": 1.0,
    "11": 1.0,
    "12": 1.0,
    "13": 1.0,
    "14": 1.0,
    "15": 1.0,
    "16": 1.0,
    "17": 1.0,
    "18": 1.0,
    "19": 1.0,
    "20": 1.0,
    "21": 1.0,
    "22": 1.0,
    "23": 1.0,
    "24": 1.0,
    "25": 1.0,
    "26": 1.0,
    "27": 1.0,
    "28": 1.0,
    "29": 1.0,
    "30": 1.0,
    "31": 1.0,
    "32": 1.0,
    "33": 1.0,
    "34": 1.0,
    "35": 1.0,
    "36": 1.0,
    "37": 1.0,
    "38": 1.0,
    "39": 1.05,
    "40": 1.0,
    "41": 1.0,
    "42": 1.0,
    "43": 1.0,
    "44": 1.0,
    "45": 1.05,
    "46": 1.0,
    "47": 1.0,
    "48": 1.0,
    "49": 1.0,
    "50": 1.0,
    "51": 1.0,
    "52": 1.0,
    "53": 1.0,
    "54": 1.15,
    "55": 1.0,
    "56": 1.0,
    "57": 1.0,
    "58": 1.0,
    "59": 1.0,
    "60": 1.0,
    "61": 1.0,
    "62": 1.0,
    "63": 1.0
  },
  "gate_activations": {
    "0": 0,
    "1": 0,
    "2": 0,
    "3": 0,
    "4": 0,
    "5": 0,
    "6": 0,
    "7": 0,
    "8": 0,
    "9": 0,
    "10": 0,
    "11": 0,
    "12": 0,
    "13": 0,
    "14": 0,
    "15": 0,
    "16": 0,
    "17": 0,
    "18": 0,
    "19": 0,
    "20": 0,
    "21": 0,
    "22": 0,
    "23": 0,
    "24": 0,
    "25": 0,
    "26": 0,
    "27": 0,
    "28": 0,
    "29": 0,
    "30": 0,
    "31": 0,
    "32": 0,
    "33": 0,
    "34": 0,
    "35": 0,
    "36": 0,
    "37": 0,
    "38": 0,
    "39": 1,
    "40": 0,
    "41": 0,
    "42": 0,
    "43": 0,
    "44": 0,
    "45": 1,
    "46": 0,
    "47": 0,
    "48": 0,
    "49": 0,
    "50": 0,
    "51": 0,
    "52": 0,
    "53": 0,
    "54": 3,